date,league,home_team,away_team,proba_home,proba_draw,proba_away,prediction_modele,cote_home,cote_draw,cote_away,resultat_reel,prediction_correcte,prediction_bookmaker,bookmaker_correcte,proba_over_2_5,prediction_over_2_5,resultat_over_2_5,over_2_5_correcte,proba_btts_yes,prediction_btts,resultat_btts,btts_correcte,proba_corners_over_9_5,prediction_corners_over_9_5,resultat_corners_over_9_5,corners_over_9_5_correcte,proba_yellow_over_4_5,prediction_yellow_over_4_5,resultat_yellow_over_4_5,yellow_over_4_5_correcte,proba_red_card_in_match,prediction_red_card_in_match,resultat_red_card_in_match,red_card_in_match_correcte
2026-08-31,serie_a,US Lecce,AS Roma,0.1416427685421384,0.2887601032281706,0.5695971282296916,A,,,,A,True,,,0.5409390881251397,Over,Over,True,0.5121300179717286,Oui,Non,False,0.4609670574819601,Under,,,0.4130831080915794,Under,,,0.1753334082726154,Non,,
2026-08-31,liga,CA Osasuna,Getafe CF,0.4291797982735691,0.3363027018926754,0.2345174998337554,H,2.171428571428572,2.91904761904762,4.112857142857142,H,True,H,True,0.503066735171824,Over,Under,False,0.4935487050685774,Non,Non,True,0.5302110378610162,Over,,,0.4958587940462329,Under,,,0.2127886426845326,Non,,
2026-08-31,serie_a,Atalanta BC,Bologna FC 1909,0.3675419877633417,0.3569820312417197,0.2754759809949374,H,,,,H,True,,,0.517730640761053,Over,Under,False,0.53217627910929,Oui,Non,False,0.505980317150583,Over,,,0.4256352595523014,Under,,,0.151879031603924,Non,,
2026-08-31,premier_league,Aston Villa FC,Arsenal FC,0.2165339226098828,0.2945181248674132,0.488947952522704,A,6.188,4.3448,1.5299999999999998,A,True,A,True,0.4848544402533776,Under,Under,True,0.5193959003155028,Oui,Non,False,0.5330732671548435,Over,,,0.3242315704777583,Under,,,0.1367522860490407,Non,,
2026-08-31,liga,FC Barcelona,Rayo Vallecano de Madrid,0.6072344401408831,0.2492985725688765,0.1434669872902397,H,1.102857142857143,10.647619047619049,23.80952380952381,H,True,H,True,0.6443509651738226,Over,Over,True,0.5326502605227605,Oui,Oui,True,0.5876787808485391,Over,,,0.2713831187686085,Under,,,0.1396744796884802,Non,,
2026-09-03,ligue_1,Toulouse FC,Lille OSC,0.1818530935137278,0.3111955963395291,0.506951310146743,A,3.4147826086956523,3.342173913043479,2.148260869565217,A,True,A,True,0.4667575122819953,Under,Under,True,0.4918294477252267,Non,Non,True,0.454928403103507,Under,,,0.408219069751883,Under,,,0.160474398173298,Non,,
2026-09-03,liga,Real Sociedad de Fútbol,RC Celta de Vigo,0.3600816538314451,0.369621605078909,0.2702967410896449,D,2.008,3.5005,3.6150000000000007,D,True,H,False,0.4841813344112711,Under,Under,True,0.5197280180125947,Oui,Non,False,0.5388978380177469,Over,,,0.4302311075605629,Under,,,0.2171912732013188,Non,,
2026-09-04,ligue_1,Olympique Lyonnais,AJ Auxerre,0.4277141139036091,0.3498933822294131,0.2223925038669762,H,,,,H,True,,,0.5276645556245178,Over,Over,True,0.5274820600135685,Oui,Oui,True,0.5358902902481086,Over,,,0.4538105880300848,Under,,,0.2223143990110551,Non,,
2026-09-04,bundesliga,VfB Stuttgart,1. FC Köln,0.5353229496851806,0.2888463759106336,0.1758306744041851,H,,,,H,True,,,0.6429825568408618,Over,Over,True,0.5702338149672336,Oui,Oui,True,0.6200794774664917,Over,,,0.2510538904657418,Under,,,0.1217538468740255,Non,,
2026-09-04,serie_a,Genoa CFC,Como 1907,0.1735335585696186,0.2824893576480742,0.5439770837823075,A,,,,A,True,,,0.5452943998770406,Over,Over,True,0.5530738203635641,Oui,Oui,True,0.4318641985462526,Under,,,0.4235577420261378,Under,,,0.1787932224870211,Non,,
2026-09-04,liga,Real Betis Balompié,Real Madrid CF,0.2128165173577461,0.3038833967311969,0.4833000859110571,A,5.9605263157894735,4.642631578947368,1.4910526315789472,H,False,A,False,0.524655248737466,Over,Under,False,0.5584057663181828,Oui,Non,False,0.4694984638899899,Under,,,0.4230661910972559,Under,,,0.152356655136569,Non,,
2026-09-04,premier_league,Ipswich Town FC,Liverpool FC,0.1520786308754525,0.2592127620814309,0.5887086070431169,A,5.089583333333334,4.429583333333333,1.57625,A,True,A,True,0.5993886660402086,Over,Under,False,0.5687350610318088,Oui,Non,False,0.5503352426839727,Over,,,0.2694458251359366,Under,,,0.169528206114446,Non,,
2026-09-04,ligue_1,Paris Saint-Germain FC,AS Monaco FC,0.4419102883114307,0.3201061044905773,0.237983607197991,H,1.4130434782608692,5.027826086956521,6.636956521739131,A,False,H,False,0.6592988737980706,Over,Over,True,0.6098187576765703,Oui,Oui,True,0.5542664390744396,Over,,,0.2456866302291557,Under,,,0.0990412577870081,Non,,
2026-09-05,premier_league,Newcastle United FC,AFC Bournemouth,0.2792942998562621,0.383629048997464,0.3370766511462736,D,2.214583333333333,3.6641666666666666,3.0087500000000005,D,True,H,False,0.5297735519713723,Over,Over,True,0.5612493433037664,Oui,Oui,True,0.5520369103295473,Over,,,0.379719766101411,Under,,,0.1728832508173085,Non,,
2026-09-05,serie_a,ACF Fiorentina,Torino FC,0.3627743707300489,0.37573434013501,0.2614912891349397,D,,,,A,False,,,0.4341769083649278,Under,Over,False,0.4748980686998525,Non,Oui,False,0.5316994644650446,Over,,,0.3677603475794031,Under,,,0.1800405498338231,Non,,
2026-09-05,bundesliga,Borussia Mönchengladbach,SV 07 Elversberg,0.3224281254578031,0.3912327889318744,0.2863390856103208,D,,,,A,False,,,0.4995998334784073,Under,Over,False,0.5347322020051908,Oui,Oui,True,0.4862747609562939,Under,,,0.3306805255685966,Under,,,0.1455416966217531,Non,,
2026-09-05,bundesliga,Bayer 04 Leverkusen,1. FC Union Berlin,0.5841351259378988,0.2600352589649891,0.155829615097111,H,,,,H,True,,,0.6894702476494419,Over,Over,True,0.5738205396929129,Oui,Non,False,0.6840141527030499,Over,,,0.2282125785685083,Under,,,0.1184162480629359,Non,,
2026-09-05,bundesliga,TSG 1899 Hoffenheim,Borussia Dortmund,0.3016304818989094,0.3532626492357368,0.3451068688653537,D,,,,A,False,,,0.4833780145819664,Under,Over,False,0.5298733141056569,Oui,Oui,True,0.521998207024798,Over,,,0.2996432412754917,Under,,,0.1360899575731848,Non,,
2026-09-05,bundesliga,SV Werder Bremen,RB Leipzig,0.1914882320464191,0.308804182446701,0.4997075855068801,A,,,,H,False,,,0.5456219506675558,Over,Over,True,0.5557834845634735,Oui,Oui,True,0.5357519665592704,Over,,,0.2466132954652573,Under,,,0.0943105506868595,Non,,
2026-09-05,bundesliga,SC Paderborn 07,SC Freiburg,0.2307092481037443,0.3622280117186107,0.4070627401776449,A,,,,A,True,,,0.5141946740088635,Over,Under,False,0.543988010483904,Oui,Non,False,0.5265216179108537,Over,,,0.3681499510437677,Under,,,0.2100186869181347,Non,,
2026-09-05,premier_league,Brentford FC,Sunderland AFC,0.3627992028762423,0.3710989957126573,0.2661018014110995,D,1.593333333333333,4.01,5.579166666666666,D,True,H,False,0.5009928388566469,Over,Under,False,0.5213156111376681,Oui,Oui,True,0.5926773141550203,Over,,,0.3168805330030771,Under,,,0.1513686252756715,Non,,
2026-09-05,premier_league,Fulham FC,Crystal Palace FC,0.365178772834902,0.365260123859822,0.2695611033052751,D,2.272083333333333,3.3995833333333336,3.103333333333333,A,False,H,False,0.4669524166729097,Under,Over,False,0.5038633010933231,Oui,Oui,True,0.5457779569072068,Over,,,0.2520539298963882,Under,,,0.1357459747165844,Non,,
2026-09-05,premier_league,Nottingham Forest FC,Tottenham Hotspur FC,0.3040754121150104,0.384145683989384,0.3117789038956047,D,2.515,3.357083333333333,2.776666666666667,D,True,H,False,0.4294233122446731,Under,Under,True,0.4849887715615958,Non,Non,True,0.5441141331762536,Over,,,0.3759475630215624,Under,,,0.1803285010377172,Non,,
2026-09-05,premier_league,Manchester City FC,Coventry City FC,0.3982923478964084,0.3610986480423572,0.240609004061233,H,1.1933333333333334,7.2875,12.722916666666668,H,True,H,True,0.5762882604053384,Over,Under,False,0.5504429087672241,Oui,Non,False,0.5372836671413238,Over,,,0.2620320394097267,Under,,,0.1106316817551846,Non,,
2026-09-05,premier_league,Brighton & Hove Albion FC,Leeds United FC,0.4586154121998989,0.3334669161195366,0.2079176716805633,H,1.8379166666666664,3.6629166666666673,4.21,D,False,H,False,0.554177947558736,Over,Under,False,0.5160595146163457,Oui,Oui,True,0.4838347129708569,Under,,,0.2316023952286189,Under,,,0.0768611599147992,Non,,
2026-09-05,liga,Athletic Club,Club Atlético de Madrid,0.2828024626675977,0.3454439485480648,0.3717535887843369,A,2.8415789473684208,3.401578947368421,2.4268421052631584,H,False,A,False,0.5383768938635377,Over,Over,True,0.5737017757870496,Oui,Non,False,0.5970186361880703,Over,,,0.3200744217226907,Under,,,0.1138886408810531,Non,,
2026-09-05,ligue_1,Racing Club de Lens,FC Lorient,0.5936703027850027,0.2693996881625121,0.1369300090524852,H,1.4460869565217391,4.602173913043478,6.520869565217392,A,False,H,False,0.611754417575554,Over,Under,False,0.5264463224194036,Oui,Non,False,0.5806789760102136,Over,,,0.2778327233404329,Under,,,0.147334505414008,Non,,
2026-09-05,serie_a,FC Internazionale Milano,SSC Napoli,0.4162191553337991,0.315557791832183,0.2682230528340172,H,,,,H,True,,,0.5725143617395633,Over,Over,True,0.5733747326901075,Oui,Oui,True,0.535645400203895,Over,,,0.292129819609786,Under,,,0.1293554663659897,Non,,
2026-09-05,bundesliga,FC Schalke 04,FC Bayern München,0.1374847894231383,0.2404888796158236,0.6220263309610382,A,,,,D,False,,,0.6872076367369577,Over,Under,False,0.6117342933342894,Oui,Non,False,0.5631821437763074,Over,,,0.2893828968053602,Under,,,0.1783938379870315,Non,,
2026-09-05,liga,Rayo Vallecano de Madrid,Real Racing Club de Santander,0.3396502707810818,0.3954371138954735,0.2649126153234433,D,2.249,3.3845,3.0895,H,False,H,True,0.4960180933345917,Under,Over,False,0.5164679767678465,Oui,Oui,True,0.479069310997961,Under,,,0.4138664135402701,Under,,,0.1890613405291485,Non,,
2026-09-05,premier_league,Hull City AFC,Aston Villa FC,0.2364407721012183,0.3624315234551734,0.4011277044436079,A,4.168333333333333,3.6841666666666666,1.8395833333333336,D,False,A,False,0.5363014606079349,Over,Under,False,0.564418647857936,Oui,Non,False,0.5058150763562883,Over,,,0.2919383338031279,Under,,,0.1013437505361106,Non,,
2026-09-05,ligue_1,OGC Nice,Le Mans FC,0.343509160907088,0.3883354826406644,0.2681553564522459,D,1.750434782608696,3.7160869565217385,4.557391304347827,,,,,0.4780778623462358,Under,,,0.5165552125531342,Oui,,,0.5094703780046171,Over,,,0.3865147873650079,Under,,,0.1952664359830066,Non,,
2026-09-05,ligue_1,Le Havre AC,Stade Brestois 29,0.3115928623076834,0.3809875465296624,0.3074195911626532,D,,,,,,,,0.4542451095641262,Under,,,0.5022838301711847,Oui,,,0.5289342773131505,Over,,,0.3339643425413403,Under,,,0.2118930457864387,Non,,
2026-09-05,serie_a,AS Roma,Atalanta BC,0.4115935032068887,0.3086898459497507,0.2797166508433605,H,,,,,,,,0.6104430510096867,Over,,,0.6019994867531432,Oui,,,0.5235434963250022,Over,,,0.3741091136397612,Under,,,0.1531268752710105,Non,,
2026-09-05,liga,Villarreal CF,RC Deportivo La Coruña,0.4774426691529936,0.3184461567548842,0.2041111740921206,H,1.5215789473684211,4.282631578947369,5.975789473684211,,,,,0.5835005834472651,Over,,,0.5351945529942469,Oui,,,0.5858570396564968,Over,,,0.2939190639309254,Under,,,0.1431927699772213,Non,,
2026-09-06,ligue_1,ES Troyes AC,RC Strasbourg Alsace,0.1895929304647617,0.3181255943093526,0.4922814752258857,A,3.1121739130434776,3.356521739130435,2.255217391304348,,,,,0.6054213194995395,Over,,,0.5748699728022734,Oui,,,0.5464703409064994,Over,,,0.3246454944123303,Under,,,0.1631404529889957,Non,,
2026-09-06,premier_league,Everton FC,Manchester United FC,0.211656085362,0.3217417122410761,0.4666022023969239,A,3.08375,3.494166666666667,2.2375000000000003,,,,,0.540114582617375,Over,,,0.569909086177688,Oui,,,0.4900725700630473,Under,,,0.2693014980958641,Under,,,0.1064691590949032,Non,,
2026-09-06,serie_a,Parma Calcio 1913,AC Monza,0.381147393977004,0.3644218175155618,0.2544307885074324,H,,,,,,,,0.4467429194833465,Under,,,0.48709676766893,Non,,,0.5342936865490392,Over,,,0.3477443551147334,Under,,,0.203695515071729,Non,,
2026-09-06,serie_a,Frosinone Calcio,Venezia FC,0.401452434293351,0.356152105149709,0.2423954605569384,H,,,,,,,,0.5357117309678755,Over,,,0.5345066380471842,Oui,,,0.5127953557719005,Over,,,0.3810325205759164,Under,,,0.2062619826540275,Non,,
2026-09-06,bundesliga,Hamburger SV,1. FSV Mainz 05,0.2297293936070623,0.338417047072423,0.4318535593205143,A,,,,,,,,0.5481401527636933,Over,,,0.5656517297991148,Oui,,,0.5672684147477105,Over,,,0.2894147315490808,Under,,,0.1519777586461207,Non,,
2026-09-06,liga,Valencia CF,FC Barcelona,0.1649680558890569,0.2743952869154651,0.5606366571954778,A,7.033499999999999,4.990500000000001,1.387,,,,,0.4860398137219155,Under,,,0.496406655521886,Non,,,0.4481211114175848,Under,,,0.3835580457019588,Under,,,0.1621766851753687,Non,,
2026-09-06,ligue_1,Angers SCO,Stade Rennais FC 1901,0.1695452604484117,0.2942842794302048,0.5361704601213839,A,,,,,,,,0.6072986024120028,Over,,,0.5781507757743536,Oui,,,0.5324994266073529,Over,,,0.3059721450364353,Under,,,0.1227316383726141,Non,,
2026-09-06,bundesliga,Eintracht Frankfurt,FC Augsburg,0.365305271844983,0.3677402435791838,0.2669544845758325,D,,,,,,,,0.5517778027925052,Over,,,0.5709388597757085,Oui,,,0.5757320687091725,Over,,,0.2221704271955344,Under,,,0.0741591388327121,Non,,
2026-09-06,premier_league,Arsenal FC,Chelsea FC,0.4947514680284536,0.2957548369056053,0.2094936950659408,H,1.6987500000000002,3.70875,5.05375,,,,,0.5681991551182843,Over,,,0.5423220071251504,Oui,,,0.4701615000210569,Under,,,0.3546837513770146,Under,,,0.1593326728471189,Non,,
2026-09-06,serie_a,Bologna FC 1909,US Sassuolo Calcio,0.370525196886994,0.3699242126078698,0.2595505905051347,H,,,,,,,,0.5128403321075086,Over,,,0.5108107438486085,Oui,,,0.4779915368304153,Under,,,0.3782382350415016,Under,,,0.1973599003787375,Non,,
2026-09-06,liga,Málaga CF,Levante UD,0.2389696241928767,0.364861005564882,0.3961693702422407,A,2.53,3.2495,2.776,,,,,0.4549061085408292,Under,,,0.5059624170862671,Oui,,,0.5008564556967987,Over,,,0.4391904158874242,Under,,,0.2123468914879138,Non,,
2026-09-06,liga,Deportivo Alavés,CA Osasuna,0.3663478962906015,0.3577686295403853,0.2758834741690122,H,,,,,,,,0.5200532758341003,Over,,,0.5419186097245408,Oui,,,0.5295406624719469,Over,,,0.444766630750399,Under,,,0.1809298839910523,Non,,
2026-09-06,ligue_1,Olympique de Marseille,Paris FC,0.5251933135420446,0.3060289361983143,0.1687777502596401,H,,,,,,,,0.5991586896689892,Over,,,0.5252172753564729,Oui,,,0.531042263929814,Over,,,0.2341139614418859,Under,,,0.1365525218455131,Non,,
2026-09-06,serie_a,Juventus FC,AC Milan,0.488810140597928,0.3039642855090105,0.2072255738930609,H,,,,,,,,0.6096902280368823,Over,,,0.5539962337334645,Oui,,,0.4798623197842273,Under,,,0.2680531574489253,Under,,,0.1494733024125756,Non,,
2026-09-06,liga,RCD Espanyol de Barcelona,Sevilla FC,0.2843026199296646,0.3751108784231338,0.3405865016472003,D,,,,,,,,0.4737489304219469,Under,,,0.5213760235873829,Oui,,,0.511914555562158,Over,,,0.4439798673966085,Under,,,0.1989934370633748,Non,,
2026-09-07,serie_a,Cagliari Calcio,US Lecce,0.3579936949777692,0.3761300650256535,0.2658762399965757,D,,,,,,,,0.4564327992757064,Under,,,0.4931796250269654,Non,,,0.4484563807269118,Under,,,0.3894259905858049,Under,,,0.2014903812440955,Non,,
2026-09-07,liga,Getafe CF,RC Celta de Vigo,0.3270570506275144,0.3893421242266605,0.2836008251458237,D,2.628888888888889,2.8600000000000003,2.9683333333333333,,,,,0.3858718342477711,Under,,,0.4477718177812089,Non,,,0.4421294134407263,Under,,,0.5018701811325591,Over,,,0.2354625393127973,Non,,
2026-09-07,serie_a,Udinese Calcio,SS Lazio,0.2498656309715689,0.3650446805123511,0.3850896885160796,A,,,,,,,,0.4141333974413348,Under,,,0.4751439048215028,Non,,,0.4854137564067656,Under,,,0.4813679043946426,Under,,,0.190159132309408,Non,,
2026-09-07,liga,Elche CF,Real Sociedad de Fútbol,0.3217838733934326,0.3874367498062315,0.2907793768003345,D,2.8800000000000003,3.3722222222222222,2.3583333333333334,,,,,0.4210810511682075,Under,,,0.4714628378463012,Non,,,0.5037725257844845,Over,,,0.4761794575587523,Under,,,0.2045798034547858,Non,,
